page_path,page_title,meta_title,meta_description
/,Home,Warehouse Storage Solutions | Pallet Racking Nationwide | Rack Storage Solutions,"Get quality pallet racking, warehouse design, installation, and relocation services nationwide. New and used rack available. Free quotes from Rack Storage Solutions."
/about,About,About Rack Storage Solutions | Warehouse Storage Experts,"Learn about Rack Storage Solutions—a full-service warehouse storage provider with 20+ years of experience serving businesses nationwide with pallet racking and installation services."
/contact,Contact,Contact Rack Storage Solutions | Get a Free Quote,"Contact Rack Storage Solutions for a free quote on pallet racking, warehouse design, installation, or relocation services. Call us or fill out our form for fast response."
/services,Services,Warehouse Storage Services | Racking Design & Installation | Rack Storage Solutions,"Explore warehouse storage services from Rack Storage Solutions: pallet racking, warehouse design, installation, relocation, permitting, and safety inspections. Nationwide service."
/nationwide-service,Nationwide Service,Nationwide Warehouse Storage Services | All 50 States | Rack Storage Solutions,"Rack Storage Solutions serves businesses in all 50 states with pallet racking, warehouse design, installation, and relocation services. Local expertise, national reach."
/services/heavy-duty-pallet-racking,Heavy Duty Pallet Racking,Heavy Duty Pallet Racking Systems | Industrial Warehouse Rack | Rack Storage Solutions,"Industrial-grade pallet racking systems designed for your load requirements. Selective, drive-in, push-back, and cantilever configurations. Get a free quote from Rack Storage Solutions."
/services/used-pallet-rack,Used Pallet Rack,Used Pallet Rack for Sale | Quality Pre-Owned Warehouse Racking | Rack Storage Solutions,"Save 40-60% with quality used pallet rack. Every component inspected for safety. Uprights, beams, wire decking available. Nationwide delivery from Rack Storage Solutions."
/services/warehouse-design-layout,Warehouse Design & Layout,Warehouse Design & Layout Services | Storage Optimization | Rack Storage Solutions,"Custom warehouse design and layout services that maximize storage capacity and improve workflow efficiency. CAD drawings, 3D renderings, and expert consultation from Rack Storage Solutions."
/services/shelving-systems,Shelving Systems,Industrial Shelving Systems | Warehouse Shelving | Rack Storage Solutions,"Industrial shelving systems for warehouses, stockrooms, and distribution centers. Wire, steel, and rivet shelving for parts, cartons, and hand-pick operations. Nationwide service."
/services/warehouse-installation-teardown,Installation & Teardown,Warehouse Rack Installation & Teardown Services | Rack Storage Solutions,"Professional pallet rack installation and teardown services nationwide. Experienced crews, proper anchoring, safety-focused. Get a quote from Rack Storage Solutions."
/services/warehouse-relocation,Warehouse Relocation,Warehouse Relocation Services | Move Your Racking | Rack Storage Solutions,"Complete warehouse relocation services: teardown, transport, and reinstallation of pallet racking. Minimize downtime with professional project management. Nationwide service."
/services/permitting-engineering,Permitting & Engineering,Pallet Rack Permitting & Engineering Services | PE-Stamped Drawings | Rack Storage Solutions,"Navigate rack permitting requirements with professional engineering support. PE-stamped drawings, seismic calculations, and permit application assistance. Nationwide service."
/services/rack-safety-inspections,Rack Safety & Inspections,Rack Safety Inspections | OSHA & RMI Compliance | Rack Storage Solutions,"Professional pallet rack safety inspections to identify damage, assess capacity, and ensure OSHA/ANSI/RMI compliance. Protect your workers and inventory. Nationwide service."
/resources/faq,FAQ,Warehouse Storage FAQ | Pallet Racking Questions Answered | Rack Storage Solutions,"Get answers to common questions about pallet racking, warehouse design, installation, permitting, and storage solutions. Expert answers from Rack Storage Solutions."
/resources/how-it-works,How It Works,How It Works | Our Process | Rack Storage Solutions,"Learn how Rack Storage Solutions works: from initial consultation through design, permitting, and professional installation. Our process makes warehouse storage simple."
/resources/glossary,Glossary,Warehouse Storage Glossary | Pallet Racking Terms Defined | Rack Storage Solutions,"Definitions for warehouse storage terminology: pallet rack components, racking types, industry terms, and more. Your guide to warehouse storage vocabulary."
/resources/safety-compliance,Safety & Compliance,Pallet Rack Safety & Compliance Guide | OSHA & RMI Standards | Rack Storage Solutions,"Essential guide to pallet rack safety and compliance. Learn about OSHA requirements, RMI standards, inspection protocols, and how to maintain a safe warehouse."
/industries,Industries,Industries We Serve | Warehouse Storage by Industry | Rack Storage Solutions,"Rack Storage Solutions serves 3PL, manufacturing, e-commerce, cold storage, retail, and more. Industry-specific warehouse storage expertise for your operation."
/industries/3pl-logistics,3PL & Logistics,Warehouse Storage for 3PL & Logistics | Rack Storage Solutions,"Flexible pallet racking for 3PL and logistics operations. Multi-client storage, high throughput, scalable configurations. Expert solutions from Rack Storage Solutions."
/industries/manufacturing,Manufacturing,Warehouse Storage for Manufacturing | Rack Storage Solutions,"Heavy-duty pallet racking for manufacturing: raw materials, WIP, and finished goods storage. Production flow integration from Rack Storage Solutions."
/industries/ecommerce,E-Commerce,Warehouse Storage for E-Commerce & Fulfillment | Rack Storage Solutions,"Pick-friendly warehouse layouts for e-commerce fulfillment. Fast pick rates, seasonal scalability, multi-channel support. Solutions from Rack Storage Solutions."
/industries/cold-storage,Cold Storage,Pallet Racking for Cold Storage & Freezers | Rack Storage Solutions,"Corrosion-resistant pallet racking for cold storage and freezer environments. High-density systems rated to -20°F. Expert solutions from Rack Storage Solutions."
/industries/retail,Retail Distribution,Warehouse Storage for Retail Distribution | Rack Storage Solutions,"High-density pallet racking for retail distribution centers. Case pick optimization, store replenishment, high SKU variety. Solutions from Rack Storage Solutions."
/resources/new-vs-used-pallet-rack,New vs Used Pallet Rack,New vs Used Pallet Rack Comparison | Which Is Right for You? | Rack Storage Solutions,"Compare new and used pallet rack: cost, quality, warranty, availability. Learn when each option makes sense for your warehouse project."
/resources/racking-types-comparison,Racking Types Comparison,Selective vs Drive-In vs Push-Back Rack | Comparison Guide | Rack Storage Solutions,"Compare pallet racking types: selective, drive-in, push-back, cantilever. Understand which configuration is best for your warehouse operation."
/resources/when-you-need-permits,When You Need Permits,When Do You Need a Permit for Pallet Racking? | Rack Storage Solutions,"Learn when permits are required for pallet rack installation. Height thresholds, seismic zones, and how to navigate the permitting process."
/quote,Quote Landing Page,Get a Free Pallet Racking Quote | Rack Storage Solutions,"Request a free, no-obligation quote for pallet racking, warehouse design, or installation. Fast response from Rack Storage Solutions."
/used-rack-inventory,Used Rack Inventory,Used Pallet Rack Inventory | Check Availability | Rack Storage Solutions,"Browse available used pallet rack inventory. Quality inspected uprights, beams, and wire decking at 40-60% savings. Request availability from Rack Storage Solutions."
/warehouse-design-consultation,Design Consultation,Free Warehouse Design Consultation | Rack Storage Solutions,"Book a free warehouse design consultation. Optimize your layout, maximize storage, improve workflows. Expert guidance from Rack Storage Solutions."
/permitting-services,Permitting Services,Pallet Rack Permitting Services | Rack Storage Solutions,"Get help with pallet rack permits. PE-stamped drawings, permit applications, building department coordination. Nationwide service from Rack Storage Solutions."
/warehouse-relocation-quote,Relocation Quote,Warehouse Relocation Quote | Move Your Racking | Rack Storage Solutions,"Get a quote for warehouse relocation services. Teardown, transport, reinstallation. Minimize downtime with Rack Storage Solutions."
/thank-you/quote,Thank You - Quote,Thank You for Your Quote Request | Rack Storage Solutions,"Thank you for requesting a quote from Rack Storage Solutions. We'll be in touch within one business day."
/thank-you/contact,Thank You - Contact,Thank You for Contacting Us | Rack Storage Solutions,"Thank you for contacting Rack Storage Solutions. We'll respond to your inquiry within one business day."
/thank-you/download,Thank You - Download,Thank You for Downloading | Rack Storage Solutions,"Thank you for downloading this resource from Rack Storage Solutions. Check your email for the download link."
/thank-you/consultation,Thank You - Consultation,Consultation Scheduled | Rack Storage Solutions,"Thank you for scheduling a consultation with Rack Storage Solutions. We look forward to speaking with you."
